ColumnA;ColumnB;ColumnC;ColumnD;ColumnE;ColumnF;ColumnG;ColumnH;ColumnI;ColumnJ;ColumnL;ColumnM;ColumnN;ColumnO
A1;B1;C1;D1;E1;F1;G1;H1;I1;J1;L1;M1;N1;O1
A1;B1;C1;D1;E1;F1;G1;H1;I1;J1;L1;M1;N1;O1
A1;B1;C1;D1;E1;F1;G1;H1;I1;J1;L1;M1;N1;O1
A1;B1;C1;D1;E1;F1;G1;H1;I1;J1;L1;M1;N1;O1
A1;B1;C1;D1;E1;F1;G1;H1;I1;J1;L1;M1;N1;O1
A1;B1;C1;D1;E1;F1;G1;H1;I1;J1;L1;M1;N1;O1
A1;B1;C1;D1;E1;F1;G1;H1;I1;J1;L1;M1;N1;O1
A1;B1;C1;D1;E1;F1;G1;H1;I1;J1;L1;M1;N1;O1
A1;B1;C1;D1;E1;F1;G1;H1;I1;J1;L1;M1;N1;O1
A10;B10;C10;D10;E10;F10;G10;H10;I10;J10;L10;M10;N10;O10
A10;B10;C10;D10;E10;F10;G10;H10;I10;J10;L10;M10;N10;O10
A10;B10;C10;D10;E10;F10;G10;H10;I10;J10;L10;M10;N10;O10
A10;B10;C10;D10;E10;F10;G10;H10;I10;J10;L10;M10;N10;O10
A10;B10;C10;D10;E10;F10;G10;H10;I10;J10;L10;M10;N10;O10
A10;B10;C10;D10;E10;F10;G10;H10;I10;J10;L10;M10;N10;O10
A20;B20;C20;D20;E20;F20;G20;H20;I20;J20;L20;M20;N20;O20
A20;B20;C20;D20;E20;F20;G20;H20;I20;J20;L20;M20;N20;O20
A20;B20;C20;D20;E20;F20;G20;H20;I20;J20;L20;M20;N20;O20
A20;B20;C20;D20;E20;F20;G20;H20;I20;J20;L20;M20;N20;O20
A20;B20;C20;D20;E20;F20;G20;H20;I20;J20;L20;M20;N20;O20
A20;B20;C20;D20;E20;F20;G20;H20;I20;J20;L20;M20;N20;O20
A20;B20;C20;D20;E20;F20;G20;H20;I20;J20;L20;M20;N20;O20
A20;B20;C20;D20;E20;F20;G20;H20;I20;J20;L20;M20;N20;O20
A25;B25;C25;D25;E25;F25;G25;H25;I25;J25;L25;M25;N25;O25
A25;B25;C25;D25;E25;F25;G25;H25;I25;J25;L25;M25;N25;O25
A30;B30;C30;D30;E30;F30;G30;H30;I30;J30;L30;M30;N30;O30
A30;B30;C30;D30;E30;F30;G30;H30;I30;J30;L30;M30;N30;O30
A30;B30;C30;D30;E30;F30;G30;H30;I30;J30;L30;M30;N30;O30
A30;B30;C30;D30;E30;F30;G30;H30;I30;J30;L30;M30;N30;O30
A30;B30;C30;D30;E30;F30;G30;H30;I30;J30;L30;M30;N30;O30
A30;B30;C30;D30;E30;F30;G30;H30;I30;J30;L30;M30;N30;O30
A30;B30;C30;D30;E30;F30;G30;H30;I30;J30;L30;M30;N30;O30
A30;B30;C30;D30;E30;F30;G30;H30;I30;J30;L30;M30;N30;O30
A34;B34;C34;D34;E34;F34;G34;H34;I34;J34;L34;M34;N34;O34
A35;B35;C35;D35;E35;F35;G35;H35;I35;J35;L35;M35;N35;O35
A36;B36;C36;D36;E36;F36;G36;H36;I36;J36;L36;M36;N36;O36
A37;B37;C37;D37;E37;F37;G37;H37;I37;J37;L37;M37;N37;O37
